{"body": "For a detailed description of what is covered and what is not covered by your vehicle\u2019s New Vehicle Limited Warranty, refer to the Warranty Manual that is provided to you along with your Owner\u2019s Manual.<br><br>\u00a0For your added safety, your vehicle is fitted with sophisticated electronic controls.<br><br>Your vehicle has an OBD Data Link Connector (DLC) that is used in conjunction with a diagnostic scan tool for vehicle diagnostics, repairs and reprogramming services. Installing an aftermarket device that uses the DLC during normal driving for purposes such as remote insurance company monitoring, transmission of vehicle data to other devices or entities, or altering the performance of the vehicle, may cause interference with or even damage to vehicle systems. We do not recommend or endorse the use of aftermarket plug-in devices unless approved by Ford. The vehicle Warranty will not cover damage caused by an aftermarket plug-in device.<br><br>", "contentHtml": "<p>For a detailed description of what is covered and what is not covered by your vehicle\u2019s New Vehicle Limited Warranty, refer to the Warranty Manual that is provided to you along with your Owner\u2019s Manual.</p><p>&nbsp;For your added safety, your vehicle is fitted with sophisticated electronic controls.</p><p>Your vehicle has an OBD Data Link Connector (DLC) that is used in conjunction with a diagnostic scan tool for vehicle diagnostics, repairs and reprogramming services. Installing an aftermarket device that uses the DLC during normal driving for purposes such as remote insurance company monitoring, transmission of vehicle data to other devices or entities, or altering the performance of the vehicle, may cause interference with or even damage to vehicle systems. We do not recommend or endorse the use of aftermarket plug-in devices unless approved by Ford. The vehicle Warranty will not cover damage caused by an aftermarket plug-in device.</p>", "sourceUrl": "http://www.fordservicecontent.com/Ford_Content/vdirsnet/OwnerManual/Home/Content?bookCode=O28450&languageCode=en&marketCode=US&viewTech=IE&chapterTitleSelected=G1508561&subTitleSelected=G1561289&topicHRef=G1549212&div=f&vFilteringEnabled=True", "id": "8", "title": "Special Notices"}