{"body": "Use the rotary control to adjust the intermittent wipe interval.<br><br>When your vehicle speed increases, the interval between wipes decreases.<br><br>", "contentHtml": "<p>Use the rotary control to adjust the intermittent wipe interval.</p><p>When your vehicle speed increases, the interval between wipes decreases.</p>", "sourceUrl": "http://www.fordservicecontent.com/Ford_Content/vdirsnet/OwnerManual/Home/Content?bookCode=O28450&languageCode=en&marketCode=US&viewTech=IE&chapterTitleSelected=G1518879&subTitleSelected=G1518880&topicHRef=G1523747&div=f&vFilteringEnabled=True", "id": "52", "title": "Windshield Wipers"}