{"body": "Your SYNC system is easy to use. However, should questions arise, see the tables below.<br><br>Use the website at any time to check your phone's compatibility, register your account and set preferences as well as access a customer representative via an online chat (during certain hours). Visit www.SYNCMyRide.com, www.SYNCMyRide.ca or www.syncmaroute.ca for more information.<br><br>", "contentHtml": "<p>Your SYNC system is easy to use. However, should questions arise, see the tables below.</p><p>Use the website at any time to check your phone's compatibility, register your account and set preferences as well as access a customer representative via an online chat (during certain hours). Visit www.SYNCMyRide.com, www.SYNCMyRide.ca or www.syncmaroute.ca for more information.</p>", "sourceUrl": "http://www.fordservicecontent.com/Ford_Content/vdirsnet/OwnerManual/Home/Content?bookCode=O28450&languageCode=en&marketCode=US&viewTech=IE&chapterTitleSelected=G1519075&subTitleSelected=G1693802&topicHRef=G1681583&div=f&vFilteringEnabled=True", "id": "218", "title": "SYNC\u2122 Troubleshooting"}