{"body": "Authorized dealers have touch-up paint to match your vehicle\u2019s color. Your vehicle color code is printed on a sticker on the front, left-hand side door jamb. Take your color code to your authorized dealer to make sure you get the correct color.<br><br>Before repairing minor paint damage, use a cleaner such as Motorcraft Bug and Tar Remover to remove particles such as bird droppings, tree sap, insect deposits, tar spots, road salt and industrial fallout.<br><br>Always read the instructions before using cleaning products.<br><br>", "contentHtml": "<p>Authorized dealers have touch-up paint to match your vehicle\u2019s color. Your vehicle color code is printed on a sticker on the front, left-hand side door jamb. Take your color code to your authorized dealer to make sure you get the correct color.</p><p>Before repairing minor paint damage, use a cleaner such as Motorcraft Bug and Tar Remover to remove particles such as bird droppings, tree sap, insect deposits, tar spots, road salt and industrial fallout.</p><p>Always read the instructions before using cleaning products.</p>", "sourceUrl": "http://www.fordservicecontent.com/Ford_Content/vdirsnet/OwnerManual/Home/Content?bookCode=O28450&languageCode=en&marketCode=US&viewTech=IE&chapterTitleSelected=G1519042&subTitleSelected=G1519046&topicHRef=G1484090&div=f&vFilteringEnabled=True", "id": "189", "title": "Repairing Minor Paint Damage"}