{"body": "Pull the head restraint up.<br><br>Align the steel stems into the guide sleeves and push the head restraint down until it locks.<br><br>The front head restraints tilt for extra comfort. To tilt the head restraint, do the following:<br><br>After the head restraint reaches the forward-most tilt position, pivoting it forward again will then release it to the rearward, un-tilted position.<br><br>", "contentHtml": "<p>Pull the head restraint up.</p><p>Align the steel stems into the guide sleeves and push the head restraint down until it locks.</p><p>The front head restraints tilt for extra comfort. To tilt the head restraint, do the following:</p><p>After the head restraint reaches the forward-most tilt position, pivoting it forward again will then release it to the rearward, un-tilted position.</p>", "sourceUrl": "http://www.fordservicecontent.com/Ford_Content/vdirsnet/OwnerManual/Home/Content?bookCode=O28450&languageCode=en&marketCode=US&viewTech=IE&chapterTitleSelected=G1518923&subTitleSelected=G1518925&topicHRef=G1531295&div=f&vFilteringEnabled=True", "id": "84", "title": "Head Restraints"}