{"body": "Use the correct specification bulb. See\u00a0 Bulb Specification Chart.\u00a0<br><br>Install in the reverse order unless otherwise stated.<br><br>You must remove the headlamp assembly prior to replacing any bulb. See\u00a0 Removing a Headlamp.\u00a0<br><br>These lamps operate at a high voltage. See an authorized dealer if they fail.<br><br>LED lamps are not serviceable items. See an authorized dealer if they fail.<br><br>", "contentHtml": "<p>Use the correct specification bulb. See&nbsp; \n<a class=\"copylink\" href=\"Content?bookCode=O28450&amp;languageCode=EN&amp;marketCode=US&amp;vCode=&amp;vFilteringEnabled=True&amp;subTitleSelected=G1519041&amp;chapterTitleSelected=G1519018&amp;topicHRef=G1531350&amp;viewTech=IE&amp;div=f\"><b>Bulb Specification Chart</b></a>.&nbsp;</p><p>Install in the reverse order unless otherwise stated.</p><p>You must remove the headlamp assembly prior to replacing any bulb. See&nbsp; \n<a class=\"copylink\" href=\"Content?bookCode=O28450&amp;languageCode=EN&amp;marketCode=US&amp;vCode=&amp;vFilteringEnabled=True&amp;subTitleSelected=G1519039&amp;chapterTitleSelected=G1519018&amp;topicHRef=G1531348&amp;viewTech=IE&amp;div=f\"><b>Removing a Headlamp</b></a>.&nbsp;</p><p>These lamps operate at a high voltage. See an authorized dealer if they fail.</p><p>LED lamps are not serviceable items. See an authorized dealer if they fail.</p>", "sourceUrl": "http://www.fordservicecontent.com/Ford_Content/vdirsnet/OwnerManual/Home/Content?bookCode=O28450&languageCode=en&marketCode=US&viewTech=IE&chapterTitleSelected=G1519018&subTitleSelected=G1727299&topicHRef=G1727301&div=f&vFilteringEnabled=True", "id": "177", "title": "Changing a Bulb"}