{"body": "The keyless starting system has three modes:<br><br>Off: Turns the ignition off.<br><br>On: All electrical circuits are operational and the warning lamps and indicators illuminate.<br><br>Start: Starts your vehicle. The engine may not start when your vehicle starts.<br><br>", "contentHtml": "<p>The keyless starting system has three modes:</p><p><b>Off:</b> Turns the ignition off.</p><p><b>On:</b> All electrical circuits are operational and the warning lamps and indicators illuminate.</p><p><b>Start:</b> Starts your vehicle. The engine may not start when your vehicle starts.</p>", "sourceUrl": "http://www.fordservicecontent.com/Ford_Content/vdirsnet/OwnerManual/Home/Content?bookCode=O28450&languageCode=en&marketCode=US&viewTech=IE&chapterTitleSelected=G1518940&subTitleSelected=G1692124&topicHRef=G1692125&div=f&vFilteringEnabled=True", "id": "98", "title": "Keyless Starting"}