{"body": "The headlamps on your vehicle are properly aimed at the assembly plant. If your vehicle has been in an accident, the alignment of your headlamps should be checked by your authorized dealer.<br><br>Horizontal aim is not required for this vehicle and is not adjustable.<br><br>", "contentHtml": "<p>The headlamps on your vehicle are properly aimed at the assembly plant. If your vehicle has been in an accident, the alignment of your headlamps should be checked by your authorized dealer.</p><p>Horizontal aim is not required for this vehicle and is not adjustable.</p>", "sourceUrl": "http://www.fordservicecontent.com/Ford_Content/vdirsnet/OwnerManual/Home/Content?bookCode=O28450&languageCode=en&marketCode=US&viewTech=IE&chapterTitleSelected=G1519018&subTitleSelected=G1519038&topicHRef=G1546449&div=f&vFilteringEnabled=True", "id": "175", "title": "Adjusting the Headlamps"}