{"body": "Replacement keys or remote controls can be purchased from an authorized dealer. Authorized dealers can program remote controls for your vehicle. See\u00a0 Passive Anti-Theft System.\u00a0<br><br>", "contentHtml": "<p>Replacement keys or remote controls can be purchased from an authorized dealer. Authorized dealers can program remote controls for your vehicle. See&nbsp; \n<a class=\"copylink\" href=\"Content?bookCode=O28450&amp;languageCode=EN&amp;marketCode=US&amp;vCode=&amp;vFilteringEnabled=True&amp;subTitleSelected=G1518871&amp;chapterTitleSelected=G1518870&amp;topicHRef=G1560961&amp;viewTech=IE&amp;div=f\"><b>Passive Anti-Theft System</b></a>.&nbsp;</p>", "sourceUrl": "http://www.fordservicecontent.com/Ford_Content/vdirsnet/OwnerManual/Home/Content?bookCode=O28450&languageCode=en&marketCode=US&viewTech=IE&chapterTitleSelected=G1518853&subTitleSelected=G1518857&topicHRef=G1448397&div=f&vFilteringEnabled=True", "id": "34", "title": "Replacing a Lost Key or Remote Control"}