{"body": "You can adjust the interior mirror to your preference. Some mirrors also have a second pivot point. This lets you move the mirror head up or down and from side to side.<br><br>Pull the tab below the mirror toward you to reduce glare at night.<br><br>The mirror will dim automatically to reduce glare when bright lights are detected from behind your vehicle. It will automatically return to normal reflection when you select reverse gear to make sure you have a clear view when backing up.<br><br>", "contentHtml": "<p>You can adjust the interior mirror to your preference. Some mirrors also have a second pivot point. This lets you move the mirror head up or down and from side to side.</p><p>Pull the tab below the mirror toward you to reduce glare at night.</p><p>The mirror will dim automatically to reduce glare when bright lights are detected from behind your vehicle. It will automatically return to normal reflection when you select reverse gear to make sure you have a clear view when backing up.</p>", "sourceUrl": "http://www.fordservicecontent.com/Ford_Content/vdirsnet/OwnerManual/Home/Content?bookCode=O28450&languageCode=en&marketCode=US&viewTech=IE&chapterTitleSelected=G1518895&subTitleSelected=G1518898&topicHRef=G1448507&div=f&vFilteringEnabled=True", "id": "69", "title": "Interior Mirror"}