{"body": "See\u00a0 Principle of Operation.\u00a0<br><br>", "contentHtml": "<p>See&nbsp; \n<a class=\"copylink\" href=\"Content?bookCode=O28450&amp;languageCode=EN&amp;marketCode=US&amp;vCode=&amp;vFilteringEnabled=True&amp;subTitleSelected=G1518975&amp;chapterTitleSelected=G1518974&amp;topicHRef=G1448594&amp;viewTech=IE&amp;div=f\"><b>Principle of Operation</b></a>.&nbsp;</p>", "sourceUrl": "http://www.fordservicecontent.com/Ford_Content/vdirsnet/OwnerManual/Home/Content?bookCode=O28450&languageCode=en&marketCode=US&viewTech=IE&chapterTitleSelected=G1518873&subTitleSelected=G1518877&topicHRef=G1525723&div=f&vFilteringEnabled=True", "id": "49", "title": "Cruise Control"}