{"body": "Contact your authorized dealer as soon as possible. Airbags must be disposed of by qualified personnel.<br><br>", "contentHtml": "<p>Contact your authorized dealer as soon as possible. Airbags must be disposed of by qualified personnel.</p>", "sourceUrl": "http://www.fordservicecontent.com/Ford_Content/vdirsnet/OwnerManual/Home/Content?bookCode=O28450&languageCode=en&marketCode=US&viewTech=IE&chapterTitleSelected=G1518844&subTitleSelected=G1518852&topicHRef=G1448379&div=f&vFilteringEnabled=True", "id": "31", "title": "Airbag Disposal"}