{"body": "Use the information display to create a MyKey:<br><br>When prompted, hold the OK button until you see a message informing you to label this key as a MyKey. The key will be restricted at the next start.<br><br>MyKey is successfully created. Make sure you label it so you can distinguish it from the admin keys.<br><br>You can also program configurable settings for the key(s). See Programming/Changing Configurable Settings.<br><br>Use the information display to access your configurable MyKey settings.<br><br>", "contentHtml": "<p>Use the information display to create a MyKey:</p><p>When prompted, hold the \n<b>OK</b> button until you see a message informing you to label this key as a MyKey. The key will be restricted at the next start.</p><p>MyKey is successfully created. Make sure you label it so you can distinguish it from the admin keys.</p><p>You can also program configurable settings for the key(s). See \n<b>Programming/Changing Configurable Settings</b>.</p><p>Use the information display to access your configurable MyKey settings.</p>", "sourceUrl": "http://www.fordservicecontent.com/Ford_Content/vdirsnet/OwnerManual/Home/Content?bookCode=O28450&languageCode=en&marketCode=US&viewTech=IE&chapterTitleSelected=G1518858&subTitleSelected=G1523362&topicHRef=G1557258&div=f&vFilteringEnabled=True", "id": "36", "title": "Creating a MyKey"}