{"body": "We recommend Motorcraft replacement parts available at your Ford dealer or at fordparts.com for scheduled maintenance. These parts meet or exceed Ford Motor Company\u2019s specifications and are engineered for your vehicle. Use of other parts may impact vehicle performance, emissions and durability. Your warranty may be void for any damage related to use of other parts.<br><br>If a Motorcraft oil filter is not available, use an oil filter that meets industry performance specification SAE/USCAR-36.<br><br>For spark plug replacement, contact an authorized dealer. Replace the spark plugs at the appropriate intervals. See\u00a0 General Maintenance Information.\u00a0<br><br>", "contentHtml": "<p>We recommend Motorcraft replacement parts available at your Ford dealer or at fordparts.com for scheduled maintenance. These parts meet or exceed Ford Motor Company\u2019s specifications and are engineered for your vehicle. Use of other parts may impact vehicle performance, emissions and durability. Your warranty may be void for any damage related to use of other parts.</p><p>If a Motorcraft oil filter is not available, use an oil filter that meets industry performance specification SAE/USCAR-36.</p><p>For spark plug replacement, contact an authorized dealer. Replace the spark plugs at the appropriate intervals. See&nbsp; \n<a class=\"copylink\" href=\"Content?bookCode=O28450&amp;languageCode=EN&amp;marketCode=US&amp;vCode=&amp;vFilteringEnabled=True&amp;subTitleSelected=G1618138&amp;chapterTitleSelected=G1526113&amp;topicHRef=G1618142&amp;viewTech=IE&amp;div=f\"><b>General Maintenance Information</b></a>.&nbsp;</p>", "sourceUrl": "http://www.fordservicecontent.com/Ford_Content/vdirsnet/OwnerManual/Home/Content?bookCode=O28450&languageCode=en&marketCode=US&viewTech=IE&chapterTitleSelected=G1519062&subTitleSelected=G1554381&topicHRef=G1531362&div=f&vFilteringEnabled=True", "id": "199", "title": "Motorcraft Parts"}