{"body": "Wash your vehicle regularly with cool or lukewarm water and a neutral pH shampoo, we recommend Motorcraft Detail Wash.<br><br>For routine cleaning we recommend Motorcraft Detail Wash. If tar or grease spots are present, we recommend Motorcraft Bug and Tar Remover.<br><br>Hand washing your vehicle is preferred however, pressure washing may be used under the following conditions:<br><br>Flush the complete underside of your vehicle frequently. Keep body and door drain holes free of debris or foreign material.<br><br>For removing black rubber marks from under the hood we recommend Motorcraft Wheel and Tire Cleaner or Motorcraft Bug and Tar Remover.<br><br>", "contentHtml": "<p>Wash your vehicle regularly with cool or lukewarm water and a neutral pH shampoo, we recommend Motorcraft Detail Wash.</p><p>For routine cleaning we recommend Motorcraft Detail Wash. If tar or grease spots are present, we recommend Motorcraft Bug and Tar Remover.</p><p>Hand washing your vehicle is preferred however, pressure washing may be used under the following conditions:</p><p>Flush the complete underside of your vehicle frequently. Keep body and door drain holes free of debris or foreign material.</p><p>For removing black rubber marks from under the hood we recommend Motorcraft Wheel and Tire Cleaner or Motorcraft Bug and Tar Remover.</p>", "sourceUrl": "http://www.fordservicecontent.com/Ford_Content/vdirsnet/OwnerManual/Home/Content?bookCode=O28450&languageCode=en&marketCode=US&viewTech=IE&chapterTitleSelected=G1519042&subTitleSelected=G1519045&topicHRef=G1484088&div=f&vFilteringEnabled=True", "id": "182", "title": "Cleaning the Exterior"}