{"body": "You can switch this feature on or off and adjust the settings using the information display.<br><br>The system adjusts the interior temperature depending on your chosen settings during remote start.<br><br>\u00a0You cannot adjust the climate control setting during remote start operation. \u00a0When you switch the ignition on, the climate control system will return to the previous settings. \u00a0You can now make adjustments.<br><br>In hot weather, the system is set to 22 \u00b0C. The cooled seats are set to high (if available, and selected to AUTO in the information display).<br><br>In moderate weather, the system either heats or cools (based on previous settings). The rear defroster, heated mirrors and heated or cooled seats do not automatically turn on.<br><br>In cold weather, the system is set to 22 \u00b0C. The heated seats are set to high (if available, and selected to AUTO in the information display). The heated rear window and heated mirrors automatically turn on.<br><br>", "contentHtml": "<p>You can switch this feature on or off and adjust the settings using the information display.</p><p>The system adjusts the interior temperature depending on your chosen settings during remote start.</p><p>&nbsp;You cannot adjust the climate control setting during remote start operation. &nbsp;When you switch the ignition on, the climate control system will return to the previous settings. &nbsp;You can now make adjustments.</p><p>In hot weather, the system is set to 22 \u00b0C. The cooled seats are set to high (if available, and selected to AUTO in the information display).</p><p>In moderate weather, the system either heats or cools (based on previous settings). The rear defroster, heated mirrors and heated or cooled seats do not automatically turn on.</p><p>In cold weather, the system is set to 22 \u00b0C. The heated seats are set to high (if available, and selected to AUTO in the information display). The heated rear window and heated mirrors automatically turn on.</p>", "sourceUrl": "http://www.fordservicecontent.com/Ford_Content/vdirsnet/OwnerManual/Home/Content?bookCode=O28450&languageCode=en&marketCode=US&viewTech=IE&chapterTitleSelected=G1518916&subTitleSelected=G1546583&topicHRef=G1547516&div=f&vFilteringEnabled=True", "id": "82", "title": "Remote Start"}