{"body": "This position locks the transmission and prevents the wheels from turning.<br><br>With the gearshift lever in reverse (R), your vehicle moves backward. Always come to a complete stop before shifting into and out of reverse (R).<br><br>With the gearshift lever in neutral (N), your vehicle can be started and is free to roll. Hold the brake pedal down while in this position.<br><br>Drive (D) is the normal driving position for the best fuel economy. The overdrive function allows automatic upshifts and downshifts through all forward gears.<br><br>To deactivate Grade Assist, press the button on the gearshift lever when Grade Assist is active. The grade assist light will deactivate.<br><br>Use the brake shift interlock lever to move the gearshift lever from the park position in the event of an electrical malfunction or if your vehicle has a dead battery.<br><br>Apply the parking brake and turn the ignition off before performing this procedure.<br><br>If your vehicle gets stuck in mud or snow, it may be rocked out by shifting between forward and reverse gears, stopping between shifts in a steady pattern. Press lightly on the accelerator in each gear.<br><br>", "contentHtml": "<p>This position locks the transmission and prevents the wheels from turning.</p><p>With the gearshift lever in reverse (R), your vehicle moves backward. Always come to a complete stop before shifting into and out of reverse (R).</p><p>With the gearshift lever in neutral (N), your vehicle can be started and is free to roll. Hold the brake pedal down while in this position.</p><p>Drive (D) is the normal driving position for the best fuel economy. The overdrive function allows automatic upshifts and downshifts through all forward gears.</p><p>To deactivate Grade Assist, press the button on the gearshift lever when Grade Assist is active. The grade assist light will deactivate.</p><p>Use the brake shift interlock lever to move the gearshift lever from the park position in the event of an electrical malfunction or if your vehicle has a dead battery.</p><p>Apply the parking brake and turn the ignition off before performing this procedure.</p><p>If your vehicle gets stuck in mud or snow, it may be rocked out by shifting between forward and reverse gears, stopping between shifts in a steady pattern. Press lightly on the accelerator in each gear.</p>", "sourceUrl": "http://www.fordservicecontent.com/Ford_Content/vdirsnet/OwnerManual/Home/Content?bookCode=O28450&languageCode=en&marketCode=US&viewTech=IE&chapterTitleSelected=G1518956&subTitleSelected=G1531403&topicHRef=G1548255&div=f&vFilteringEnabled=True", "id": "112", "title": "Automatic Transmission"}