{"body": "Cruise control lets you maintain a set speed without keeping your foot on the accelerator pedal. You can use cruise control when your vehicle speed is greater than 30 \u00a0km/h.<br><br>", "contentHtml": "<p>Cruise control lets you maintain a set speed without keeping your foot on the accelerator pedal. You can use cruise control when your vehicle speed is greater than 30 &nbsp;km/h.</p>", "sourceUrl": "http://www.fordservicecontent.com/Ford_Content/vdirsnet/OwnerManual/Home/Content?bookCode=O28450&languageCode=en&marketCode=US&viewTech=IE&chapterTitleSelected=G1518974&subTitleSelected=G1518975&topicHRef=G1448594&div=f&vFilteringEnabled=True", "id": "126", "title": "Principle of Operation"}