{"body": "If you disconnect the battery, your vehicle may exhibit some unusual driving characteristics for approximately 8 \u00a0km after you reconnect it. This is because the engine management system must realign itself with the engine. You can disregard any unusual driving characteristics during this period.<br><br>The powertrain control system meets all Canadian interference-causing equipment standard requirements regulating the impulse electrical field or radio noise.<br><br>When you start your vehicle, avoid pressing the accelerator pedal until the ready to drive indicator illuminates. Only use the accelerator pedal when you have difficulty starting your vehicle.<br><br>", "contentHtml": "<p>If you disconnect the battery, your vehicle may exhibit some unusual driving characteristics for approximately 8 &nbsp;km after you reconnect it. This is because the engine management system must realign itself with the engine. You can disregard any unusual driving characteristics during this period.</p><p>The powertrain control system meets all Canadian interference-causing equipment standard requirements regulating the impulse electrical field or radio noise.</p><p>When you start your vehicle, avoid pressing the accelerator pedal until the ready to drive indicator illuminates. Only use the accelerator pedal when you have difficulty starting your vehicle.</p>", "sourceUrl": "http://www.fordservicecontent.com/Ford_Content/vdirsnet/OwnerManual/Home/Content?bookCode=O28450&languageCode=en&marketCode=US&viewTech=IE&chapterTitleSelected=G1518940&subTitleSelected=G1644096&topicHRef=G1607543&div=f&vFilteringEnabled=True", "id": "96", "title": "General Information"}