{"body": "If you believe that your vehicle has a defect which could cause a crash or could cause injury or death, you should immediately inform the National Highway Traffic Safety Administration (NHTSA) in addition to notifying Ford Motor Company.<br><br>If NHTSA receives similar complaints, it may open an investigation, and if it finds that a safety defect exists in a group of vehicles, it may order a recall and remedy campaign. However, NHTSA cannot become involved in individual problems between you, your dealer, or Ford Motor Company.<br><br>To contact NHTSA, you may call the Vehicle Safety Hotline toll-free at 1-888-327-4236 (TTY: 1-800-424-9153); go to www.safercar.gov; or write to:<br><br>Administrator<br><br>1200 New Jersey Avenue, Southeast<br><br>Washington, D.C. 20590<br><br>You can also obtain other information about motor vehicle safety from www.safercar.gov.<br><br>", "contentHtml": "<p>If you believe that your vehicle has a defect which could cause a crash or could cause injury or death, you should immediately inform the National Highway Traffic Safety Administration (NHTSA) in addition to notifying Ford Motor Company.</p><p>If NHTSA receives similar complaints, it may open an investigation, and if it finds that a safety defect exists in a group of vehicles, it may order a recall and remedy campaign. However, NHTSA cannot become involved in individual problems between you, your dealer, or Ford Motor Company.</p><p>To contact NHTSA, you may call the Vehicle Safety Hotline toll-free at 1-888-327-4236 (TTY: 1-800-424-9153); go to www.safercar.gov; or write to:</p><p>Administrator</p><p>1200 New Jersey Avenue, Southeast</p><p>Washington, D.C. 20590</p><p>You can also obtain other information about motor vehicle safety from www.safercar.gov.</p>", "sourceUrl": "http://www.fordservicecontent.com/Ford_Content/vdirsnet/OwnerManual/Home/Content?bookCode=O28450&languageCode=en&marketCode=US&viewTech=IE&chapterTitleSelected=G1519006&subTitleSelected=G1519013&topicHRef=G1514346&div=f&vFilteringEnabled=True", "id": "156", "title": "Reporting Safety Defects (U.S. Only)"}