{"body": "You can find information on programmed MyKey(s) using the information display control on the steering wheel. See\u00a0Information Displays.\u00a0<br><br>", "contentHtml": "<p>You can find information on programmed MyKey(s) using the information display control on the steering wheel. See&nbsp;\n<b>Information Displays</b>.&nbsp;</p>", "sourceUrl": "http://www.fordservicecontent.com/Ford_Content/vdirsnet/OwnerManual/Home/Content?bookCode=O28450&languageCode=en&marketCode=US&viewTech=IE&chapterTitleSelected=G1518858&subTitleSelected=G1603856&topicHRef=G1607698&div=f&vFilteringEnabled=True", "id": "38", "title": "Checking MyKey System Status"}