{"body": "You can locate the cabin air filter behind the glove box.<br><br>Replace the filter at regular intervals. See\u00a0 General Maintenance Information.\u00a0<br><br>For additional cabin air filter information, or to replace the filter, see an authorized dealer.<br><br>", "contentHtml": "<p>You can locate the cabin air filter behind the glove box.</p><p>Replace the filter at regular intervals. See&nbsp; \n<a class=\"copylink\" href=\"Content?bookCode=O28450&amp;languageCode=EN&amp;marketCode=US&amp;vCode=&amp;vFilteringEnabled=True&amp;subTitleSelected=G1618138&amp;chapterTitleSelected=G1526113&amp;topicHRef=G1618142&amp;viewTech=IE&amp;div=f\"><b>General Maintenance Information</b></a>.&nbsp;</p><p>For additional cabin air filter information, or to replace the filter, see an authorized dealer.</p>", "sourceUrl": "http://www.fordservicecontent.com/Ford_Content/vdirsnet/OwnerManual/Home/Content?bookCode=O28450&languageCode=en&marketCode=US&viewTech=IE&chapterTitleSelected=G1518916&subTitleSelected=G1518922&topicHRef=G1546212&div=f&vFilteringEnabled=True", "id": "81", "title": "Cabin Air Filter"}