{"body": "Running out of fuel can cause damage not covered by the vehicle Warranty.<br><br>When refueling the vehicle fuel tank from a fuel container, use the plastic funnel included with your vehicle. See\u00a0 Fuel Filler Funnel Location.\u00a0<br><br>When refueling the vehicle fuel tank from a fuel container, do the following:<br><br>", "contentHtml": "<p>Running out of fuel can cause damage not covered by the vehicle Warranty.</p><p>When refueling the vehicle fuel tank from a fuel container, use the plastic funnel included with your vehicle. See&nbsp; \n<a class=\"copylink\" href=\"Content?bookCode=O28450&amp;languageCode=EN&amp;marketCode=US&amp;vCode=&amp;vFilteringEnabled=True&amp;subTitleSelected=G1736988&amp;chapterTitleSelected=G1518948&amp;topicHRef=G1736989&amp;viewTech=IE&amp;div=f\"><b>Fuel Filler Funnel Location</b></a>.&nbsp;</p><p>When refueling the vehicle fuel tank from a fuel container, do the following:</p>", "sourceUrl": "http://www.fordservicecontent.com/Ford_Content/vdirsnet/OwnerManual/Home/Content?bookCode=O28450&languageCode=en&marketCode=US&viewTech=IE&chapterTitleSelected=G1518948&subTitleSelected=G1718217&topicHRef=G1562154&div=f&vFilteringEnabled=True", "id": "105", "title": "Running Out of Fuel"}