{"body": "\u00a0Do not insert objects other than an accessory plug into the power point. \u00a0This will damage the power point and blow the fuse.<br><br>Run the vehicle for full capacity use of the power point.<br><br>\u00a0Use the power point for powering electric devices that require up to 150 watts. \u00a0It is on the rear of the center console.<br><br>\u00a0The power outlet temporarily turns off power when in fault mode if the device exceeds the 150 watt limit. \u00a0Unplug your device and switch the ignition off. \u00a0Switch the ignition back on, but do not plug your device back in. \u00a0Let the system cool off and switch the ignition off to reset the fault mode. \u00a0Switch the ignition back on and make sure the indicator light remains on.<br><br>", "contentHtml": "<p>&nbsp;Do not insert objects other than an accessory plug into the power point. &nbsp;This will damage the power point and blow the fuse.</p><p>Run the vehicle for full capacity use of the power point.</p><p>&nbsp;Use the power point for powering electric devices that require up to 150 watts. &nbsp;It is on the rear of the center console.</p><p>&nbsp;The power outlet temporarily turns off power when in fault mode if the device exceeds the 150 watt limit. &nbsp;Unplug your device and switch the ignition off. &nbsp;Switch the ignition back on, but do not plug your device back in. &nbsp;Let the system cool off and switch the ignition off to reset the fault mode. &nbsp;Switch the ignition back on and make sure the indicator light remains on.</p>", "sourceUrl": "http://www.fordservicecontent.com/Ford_Content/vdirsnet/OwnerManual/Home/Content?bookCode=O28450&languageCode=en&marketCode=US&viewTech=IE&chapterTitleSelected=G1518934&subTitleSelected=G1738070&topicHRef=G1738071&div=f&vFilteringEnabled=True", "id": "93", "title": "Auxiliary Power Points"}