{"body": "Adjust the height of the shoulder belt so the belt rests across the middle of your shoulder.<br><br>To adjust the shoulder belt height:<br><br><br><br>", "contentHtml": "<p>Adjust the height of the shoulder belt so the belt rests across the middle of your shoulder.</p><p>To adjust the shoulder belt height:</p><p></p>", "sourceUrl": "http://www.fordservicecontent.com/Ford_Content/vdirsnet/OwnerManual/Home/Content?bookCode=O28450&languageCode=en&marketCode=US&viewTech=IE&chapterTitleSelected=G1518835&subTitleSelected=G1518838&topicHRef=G1546351&div=f&vFilteringEnabled=True", "id": "19", "title": "Seatbelt Height Adjustment"}