{"body": "See the following sections for directions on how to properly use safety restraints for children.<br><br>", "contentHtml": "<p>See the following sections for directions on how to properly use safety restraints for children.</p>", "sourceUrl": "http://www.fordservicecontent.com/Ford_Content/vdirsnet/OwnerManual/Home/Content?bookCode=O28450&languageCode=en&marketCode=US&viewTech=IE&chapterTitleSelected=G1518828&subTitleSelected=G1518829&topicHRef=G1448350&div=f&vFilteringEnabled=True", "id": "12", "title": "General Information"}