{"body": "The electric parking brake replaces the conventional handbrake. The operating switch is located in the center console.<br><br><br><br>Pull the switch up to apply the electric parking brake.<br><br>The brake system warning lamp flashes for approximately 2 seconds then stays illuminated to confirm that the electric parking brake has been applied. See\u00a0Information Displays.\u00a0<br><br>If you apply the electric parking brake when your vehicle is moving, the brake system warning lamp will illuminate and a warning chime will sound. See\u00a0Information Displays.\u00a0<br><br>If your vehicle speed is above 4 mph (6 km/h), the braking force is applied is long as the switch is applied. Releasing or pressing the switch or pressing the accelerator pedal will stop the braking force.<br><br>You can release the electric parking brake either manually by pressing the switch or automatically.<br><br>You can manually release the electric parking brake by:<br><br>When the electric parking brake is released, the brake system warning lamp will turn off.<br><br>Your vehicle will automatically release the parking brake if:<br><br>The brake system warning lamp will go off to confirm that the electric parking brake has been released.<br><br>If the battery is low or has no charge, use jumper cables and a booster battery.<br><br>", "contentHtml": "<p>The electric parking brake replaces the conventional handbrake. The operating switch is located in the center console.</p><p></p><p>Pull the switch up to apply the electric parking brake.</p><p>The brake system warning lamp flashes for approximately 2 seconds then stays illuminated to confirm that the electric parking brake has been applied. See&nbsp;\n<b>Information Displays</b>.&nbsp;</p><p>If you apply the electric parking brake when your vehicle is moving, the brake system warning lamp will illuminate and a warning chime will sound. See&nbsp;\n<b>Information Displays</b>.&nbsp;</p><p>If your vehicle speed is above 4 mph (6 km/h), the braking force is applied is long as the switch is applied. Releasing or pressing the switch or pressing the accelerator pedal will stop the braking force.</p><p>You can release the electric parking brake either manually by pressing the switch or automatically.</p><p>You can manually release the electric parking brake by:</p><p>When the electric parking brake is released, the brake system warning lamp will turn off.</p><p>Your vehicle will automatically release the parking brake if:</p><p>The brake system warning lamp will go off to confirm that the electric parking brake has been released.</p><p>If the battery is low or has no charge, use jumper cables and a booster battery.</p>", "sourceUrl": "http://www.fordservicecontent.com/Ford_Content/vdirsnet/OwnerManual/Home/Content?bookCode=O28450&languageCode=en&marketCode=US&viewTech=IE&chapterTitleSelected=G1518959&subTitleSelected=G1550124&topicHRef=G1550125&div=f&vFilteringEnabled=True", "id": "115", "title": "Electric Parking Brake"}