{"body": "This device complies with Part 15 of the FCC Rules and with Industry Canada license-exempt RSS standard(s). Operation is subject to the following two conditions: (1) This device may not cause harmful interference, and (2) This device must accept any interference received, including interference that may cause undesired operation.<br><br>The radio frequency used by your remote control can also be used by other short distance radio transmissions, for example amateur radios, medical equipment, wireless headphones, remote controls and alarm systems. If the frequencies are jammed, you will not be able to use your remote control. You can lock and unlock the doors with the key.<br><br>If excessive radio frequency interference is present in the area or if the transmitter battery is low, you may need to mechanically unlock your door. You can use the mechanical key blade in your intelligent access key to open the driver door in this situation. See\u00a0 Remote Control.\u00a0<br><br>", "contentHtml": "<p>This device complies with Part 15 of the FCC Rules and with Industry Canada license-exempt RSS standard(s). Operation is subject to the following two conditions: (1) This device may not cause harmful interference, and (2) This device must accept any interference received, including interference that may cause undesired operation.</p><p>The radio frequency used by your remote control can also be used by other short distance radio transmissions, for example amateur radios, medical equipment, wireless headphones, remote controls and alarm systems. If the frequencies are jammed, you will not be able to use your remote control. You can lock and unlock the doors with the key.</p><p>If excessive radio frequency interference is present in the area or if the transmitter battery is low, you may need to mechanically unlock your door. You can use the mechanical key blade in your intelligent access key to open the driver door in this situation. See&nbsp; \n<a class=\"copylink\" href=\"Content?bookCode=O28450&amp;languageCode=EN&amp;marketCode=US&amp;vCode=&amp;vFilteringEnabled=True&amp;subTitleSelected=G1650497&amp;chapterTitleSelected=G1518853&amp;topicHRef=G1650498&amp;viewTech=IE&amp;div=f\"><b>Remote Control</b></a>.&nbsp;</p>", "sourceUrl": "http://www.fordservicecontent.com/Ford_Content/vdirsnet/OwnerManual/Home/Content?bookCode=O28450&languageCode=en&marketCode=US&viewTech=IE&chapterTitleSelected=G1518853&subTitleSelected=G1518855&topicHRef=G1697122&div=f&vFilteringEnabled=True", "id": "32", "title": "General Information on Radio Frequencies"}