{"body": "Press MENU.<br><br>Press the up and down arrow buttons to scroll through the options.<br><br>Press the right arrow to enter a menu. Press the left arrow to exit a menu.<br><br>Press OK to confirm a selection.<br><br>", "contentHtml": "<p>Press \n<b>MENU</b>.</p><p>Press the up and down arrow buttons to scroll through the options.</p><p>Press the right arrow to enter a menu. Press the left arrow to exit a menu.</p><p>Press \n<b>OK</b> to confirm a selection.</p>", "sourceUrl": "http://www.fordservicecontent.com/Ford_Content/vdirsnet/OwnerManual/Home/Content?bookCode=O28450&languageCode=en&marketCode=US&viewTech=IE&chapterTitleSelected=G1518905&subTitleSelected=G1518911&topicHRef=G1523349&div=f&vFilteringEnabled=True", "id": "207", "title": "Audio Unit - Vehicles With: Sony AM/FM/CD"}