{"body": "The cruise controls are on the steering wheel.<br><br>Energi vehicles: ECO Cruise can be turned on or off through the information display. See\u00a0Information Displays.\u00a0<br><br>Hybrid vehicles: ECO Cruise is included in EcoSelect which is turned on or off using the ECO button on the center console.<br><br>For additional information, refer to ECO Cruise and EcoSelect. See\u00a0 Hybrid Electric Vehicle.\u00a0<br><br>Press and release ON.<br><br>Press and release CAN or tap the brake pedal. You will not erase the set speed.<br><br>Press and release RES.<br><br>Press and release OFF when the system is in stand by mode or switch the ignition off.<br><br>", "contentHtml": "<p>The cruise controls are on the steering wheel.</p><p>Energi vehicles: ECO Cruise can be turned on or off through the information display. See&nbsp;\n<b>Information Displays</b>.&nbsp;</p><p>Hybrid vehicles: ECO Cruise is included in EcoSelect which is turned on or off using the \n<b>ECO</b> button on the center console.</p><p>For additional information, refer to ECO Cruise and EcoSelect. See&nbsp; \n<a class=\"copylink\" href=\"Content?bookCode=O28450&amp;languageCode=EN&amp;marketCode=US&amp;vCode=&amp;vFilteringEnabled=True&amp;subTitleSelected=G1681110&amp;chapterTitleSelected=G1518946&amp;topicHRef=G1681111&amp;viewTech=IE&amp;div=f\"><b>Hybrid Electric Vehicle</b></a>.&nbsp;</p><p>Press and release \n<b>ON</b>.</p><p>Press and release \n<b>CAN</b> or tap the brake pedal. You will not erase the set speed.</p><p>Press and release \n<b>RES</b>.</p><p>Press and release \n<b>OFF</b> when the system is in stand by mode or switch the ignition off.</p>", "sourceUrl": "http://www.fordservicecontent.com/Ford_Content/vdirsnet/OwnerManual/Home/Content?bookCode=O28450&languageCode=en&marketCode=US&viewTech=IE&chapterTitleSelected=G1518974&subTitleSelected=G1650499&topicHRef=G1650500&div=f&vFilteringEnabled=True", "id": "127", "title": "Using Cruise Control"}