{"body": "Regular waxing is necessary to protect your car's paint from the elements. We recommend that you wash and wax the painted surface once or twice a year.<br><br>When washing and waxing, park your vehicle in a shaded area out of direct sunlight. Always wash your vehicle before applying wax.<br><br>", "contentHtml": "<p>Regular waxing is necessary to protect your car's paint from the elements. We recommend that you wash and wax the painted surface once or twice a year.</p><p>When washing and waxing, park your vehicle in a shaded area out of direct sunlight. Always wash your vehicle before applying wax.</p>", "sourceUrl": "http://www.fordservicecontent.com/Ford_Content/vdirsnet/OwnerManual/Home/Content?bookCode=O28450&languageCode=en&marketCode=US&viewTech=IE&chapterTitleSelected=G1519042&subTitleSelected=G1519047&topicHRef=G1448701&div=f&vFilteringEnabled=True", "id": "183", "title": "Waxing"}