{"body": "Sounds when you open the driver's door and you have left the key in the ignition.<br><br>Sounds the horn twice when you exit your vehicle with the intelligent access key, after the last door is closed and your keyless vehicle is in RUN, indicating your vehicle is still on.<br><br>Sounds when you remove the key from the ignition and open the driver's door and you have left the headlamps or parking lamps on.<br><br>Sounds when you have left the parking brake on and drive your vehicle. If the warning chime remains on after you have released the parking brake, have the system checked by an authorized dealer immediately.<br><br>", "contentHtml": "<p>Sounds when you open the driver's door and you have left the key in the ignition.</p><p>Sounds the horn twice when you exit your vehicle with the intelligent access key, after the last door is closed and your keyless vehicle is in RUN, indicating your vehicle is still on.</p><p>Sounds when you remove the key from the ignition and open the driver's door and you have left the headlamps or parking lamps on.</p><p>Sounds when you have left the parking brake on and drive your vehicle. If the warning chime remains on after you have released the parking brake, have the system checked by an authorized dealer immediately.</p>", "sourceUrl": "http://www.fordservicecontent.com/Ford_Content/vdirsnet/OwnerManual/Home/Content?bookCode=O28450&languageCode=en&marketCode=US&viewTech=IE&chapterTitleSelected=G1518901&subTitleSelected=G1518904&topicHRef=G1526098&div=f&vFilteringEnabled=True", "id": "74", "title": "Audible Warnings and Indicators"}