{"body": "The system will automatically turn on your high beams if it is dark enough and no other traffic is present. When it detects the headlights of an approaching vehicle, the tail lamps of the preceding vehicle or street lighting, the system will turn off the high beams before they distract other drivers. The low beams remain on.<br><br>A camera sensor, centrally mounted behind the windshield of your vehicle, continuously monitors conditions to decide when to switch the high beams off and on.<br><br>Switch on the system using the information display. See\u00a0Information Displays.\u00a0 Switch the autolamps on. See\u00a0 Autolamps.\u00a0<br><br>When the automatic control has activated the high beams, pushing or pulling the stalk will provide a temporary override to low beam.<br><br>Use the information display menu to permanently deactivate the system, or turn the lighting control switch from autolamps to headlamps.<br><br>", "contentHtml": "<p>The system will automatically turn on your high beams if it is dark enough and no other traffic is present. When it detects the headlights of an approaching vehicle, the tail lamps of the preceding vehicle or street lighting, the system will turn off the high beams before they distract other drivers. The low beams remain on.</p><p>A camera sensor, centrally mounted behind the windshield of your vehicle, continuously monitors conditions to decide when to switch the high beams off and on.</p><p>Switch on the system using the information display. See&nbsp;\n<b>Information Displays</b>.&nbsp; Switch the autolamps on. See&nbsp; \n<a class=\"copylink\" href=\"Content?bookCode=O28450&amp;languageCode=EN&amp;marketCode=US&amp;vCode=&amp;vFilteringEnabled=True&amp;subTitleSelected=G1662500&amp;chapterTitleSelected=G1518885&amp;topicHRef=G1632990&amp;viewTech=IE&amp;div=f\"><b>Autolamps</b></a>.&nbsp;</p><p>When the automatic control has activated the high beams, pushing or pulling the stalk will provide a temporary override to low beam.</p><p>Use the information display menu to permanently deactivate the system, or turn the lighting control switch from autolamps to headlamps.</p>", "sourceUrl": "http://www.fordservicecontent.com/Ford_Content/vdirsnet/OwnerManual/Home/Content?bookCode=O28450&languageCode=en&marketCode=US&viewTech=IE&chapterTitleSelected=G1518885&subTitleSelected=G1560458&topicHRef=G1560459&div=f&vFilteringEnabled=True", "id": "61", "title": "Automatic High Beam Control"}