{"body": "Replacement bulbs are specified in the chart below. Headlamp bulbs must be marked with an authorized \u201cD.O.T.\u201d for North America to make sure they have the proper lamp performance, light brightness, light pattern, and safe visibility. The correct bulbs will not damage the lamp assembly or void the lamp assembly warranty and will provide quality bulb illumination time.<br><br>*To replace these bulbs, see your authorized dealer.<br><br>To replace all instrument panel bulbs, see your authorized dealer.<br><br>**If so equipped.<br><br>", "contentHtml": "<p>Replacement bulbs are specified in the chart below. Headlamp bulbs must be marked with an authorized \u201cD.O.T.\u201d for North America to make sure they have the proper lamp performance, light brightness, light pattern, and safe visibility. The correct bulbs will not damage the lamp assembly or void the lamp assembly warranty and will provide quality bulb illumination time.</p><p>*To replace these bulbs, see your authorized dealer.</p><p>To replace all instrument panel bulbs, see your authorized dealer.</p><p>**If so equipped.</p>", "sourceUrl": "http://www.fordservicecontent.com/Ford_Content/vdirsnet/OwnerManual/Home/Content?bookCode=O28450&languageCode=en&marketCode=US&viewTech=IE&chapterTitleSelected=G1519018&subTitleSelected=G1519041&topicHRef=G1531350&div=f&vFilteringEnabled=True", "id": "178", "title": "Bulb Specification Chart"}