{"body": "A crash or impact significant enough to require an emergency response for conventional vehicles would also require the same response for an electric or hybrid-electric vehicle.<br><br>As with any vehicle, call 911 immediately if you see sparks, smoke or flames coming from the vehicle.<br><br>", "contentHtml": "<p>A crash or impact significant enough to require an emergency response for conventional vehicles would also require the same response for an electric or hybrid-electric vehicle.</p><p>As with any vehicle, call 911 immediately if you see sparks, smoke or flames coming from the vehicle.</p>", "sourceUrl": "http://www.fordservicecontent.com/Ford_Content/vdirsnet/OwnerManual/Home/Content?bookCode=O28450&languageCode=en&marketCode=US&viewTech=IE&chapterTitleSelected=G1519002&subTitleSelected=G1575043&topicHRef=G1575044&div=f&vFilteringEnabled=True", "id": "147", "title": "Collision, Damage or Fire Event"}