{"body": "Use the information display controls on the steering wheel to reset the oil change indicator.<br><br>", "contentHtml": "<p>Use the information display controls on the steering wheel to reset the oil change indicator.</p>", "sourceUrl": "http://www.fordservicecontent.com/Ford_Content/vdirsnet/OwnerManual/Home/Content?bookCode=O28450&languageCode=en&marketCode=US&viewTech=IE&chapterTitleSelected=G1519018&subTitleSelected=G1614732&topicHRef=G1614731&div=f&vFilteringEnabled=True", "id": "165", "title": "Oil Change Indicator Reset"}