{"body": "The power distribution box is located in the engine compartment. It has high-current fuses that protect your vehicle's main electrical systems from overloads.<br><br>If the battery has been disconnected and reconnected, some features will need to be reset. See\u00a0 Changing the 12V Battery.\u00a0<br><br>1Micro fuse.<br><br>2Dual micro fuse.<br><br>3M-type fuse.<br><br>There are fuses located on the bottom of the fuse box. To access the bottom of the fuse box, do the following:<br><br>1 M-type fuse.<br><br>2J-type fuse.<br><br>The fuse panel is located under the instrument panel to the left of the steering column.<br><br>1Micro fuse.<br><br>2Dual micro fuse.<br><br>", "contentHtml": "<p>The power distribution box is located in the engine compartment. It has high-current fuses that protect your vehicle's main electrical systems from overloads.</p><p>If the battery has been disconnected and reconnected, some features will need to be reset. See&nbsp; \n<a class=\"copylink\" href=\"Content?bookCode=O28450&amp;languageCode=EN&amp;marketCode=US&amp;vCode=&amp;vFilteringEnabled=True&amp;subTitleSelected=G1613924&amp;chapterTitleSelected=G1519018&amp;topicHRef=G1613925&amp;viewTech=IE&amp;div=f\"><b>Changing the 12V Battery</b></a>.&nbsp;</p><p><sup>1</sup>Micro fuse.</p><p><sup>2</sup>Dual micro fuse.</p><p><sup>3</sup>M-type fuse.</p><p>There are fuses located on the bottom of the fuse box. To access the bottom of the fuse box, do the following:</p><p><sup>1</sup> M-type fuse.</p><p><sup>2</sup>J-type fuse.</p><p>The fuse panel is located under the instrument panel to the left of the steering column.</p><p><sup>1</sup>Micro fuse.</p><p><sup>2</sup>Dual micro fuse.</p>", "sourceUrl": "http://www.fordservicecontent.com/Ford_Content/vdirsnet/OwnerManual/Home/Content?bookCode=O28450&languageCode=en&marketCode=US&viewTech=IE&chapterTitleSelected=G1519015&subTitleSelected=G1650034&topicHRef=G1650035&div=f&vFilteringEnabled=True", "id": "158", "title": "Fuse Specification Chart"}