{"body": "0 (off) - The ignition is off.<br><br>I (accessory) - Allows the electrical accessories, such as the radio, to operate while the engine is not running.<br><br>II (on) - All electrical circuits are operational and the warning lamps and indicators illuminate.<br><br>III (start) - cranks the engine.<br><br>", "contentHtml": "<p><b> 0</b> (off) - The ignition is off.</p><p><b>I</b> (accessory) - Allows the electrical accessories, such as the radio, to operate while the engine is not running.</p><p><b>II</b> (on) - All electrical circuits are operational and the warning lamps and indicators illuminate.</p><p><b> III</b> (start) - cranks the engine.</p>", "sourceUrl": "http://www.fordservicecontent.com/Ford_Content/vdirsnet/OwnerManual/Home/Content?bookCode=O28450&languageCode=en&marketCode=US&viewTech=IE&chapterTitleSelected=G1518940&subTitleSelected=G1591885&topicHRef=G1591886&div=f&vFilteringEnabled=True", "id": "97", "title": "Ignition Switch"}