{"body": "*Torque specifications are for nut and bolt threads free of dirt and rust. Use only Ford recommended replacement fasteners.<br><br>Retighten the lug nuts to the specified torque within 100 miles (160 kilometers) after any wheel disturbance (such as tire rotation, changing a flat tire, wheel removal).<br><br>Inspect the wheel pilot bore and mounting surface prior to installation. Remove any visible corrosion or loose particles.<br><br>", "contentHtml": "<p><sup>*</sup>Torque specifications are for nut and bolt threads free of dirt and rust. Use only Ford recommended replacement fasteners.</p><p>Retighten the lug nuts to the specified torque within 100 miles (160 kilometers) after any wheel disturbance (such as tire rotation, changing a flat tire, wheel removal).</p><p>Inspect the wheel pilot bore and mounting surface prior to installation. Remove any visible corrosion or loose particles.</p>", "sourceUrl": "http://www.fordservicecontent.com/Ford_Content/vdirsnet/OwnerManual/Home/Content?bookCode=O28450&languageCode=en&marketCode=US&viewTech=IE&chapterTitleSelected=G1519055&subTitleSelected=G1519061&topicHRef=G1448713&div=f&vFilteringEnabled=True", "id": "197", "title": "Technical Specifications"}