{"body": "When the lighting control is in the autolamps position, the headlamps automatically turn on in low light situations or when the wipers activate.<br><br>The headlamps remain on for a period of time after you switch the ignition off. Use the information display controls to adjust the period of time that the headlamps remain on. See\u00a0Information Displays.\u00a0<br><br>The windshield wiper activated headlamps turn on within 10 seconds when you switch the windshield wipers on and the lighting control is in the autolamps position. They turn off approximately 60 seconds after you switch the windshield wipers off.<br><br>", "contentHtml": "<p>When the lighting control is in the autolamps position, the headlamps automatically turn on in low light situations or when the wipers activate.</p><p>The headlamps remain on for a period of time after you switch the ignition off. Use the information display controls to adjust the period of time that the headlamps remain on. See&nbsp;\n<b>Information Displays</b>.&nbsp;</p><p>The windshield wiper activated headlamps turn on within 10 seconds when you switch the windshield wipers on and the lighting control is in the autolamps position. They turn off approximately 60 seconds after you switch the windshield wipers off.</p>", "sourceUrl": "http://www.fordservicecontent.com/Ford_Content/vdirsnet/OwnerManual/Home/Content?bookCode=O28450&languageCode=en&marketCode=US&viewTech=IE&chapterTitleSelected=G1518885&subTitleSelected=G1662500&topicHRef=G1632990&div=f&vFilteringEnabled=True", "id": "57", "title": "Autolamps"}