{"body": "The traction control system helps avoid drive wheel spin and loss of traction.<br><br>If your vehicle begins to slide, the system applies the brakes to individual wheels and, when needed, reduces engine power at the same time. If the wheels spin when accelerating on slippery or loose surfaces, the system reduces engine power in order to increase traction.<br><br>", "contentHtml": "<p>The traction control system helps avoid drive wheel spin and loss of traction.</p><p>If your vehicle begins to slide, the system applies the brakes to individual wheels and, when needed, reduces engine power at the same time. If the wheels spin when accelerating on slippery or loose surfaces, the system reduces engine power in order to increase traction.</p>", "sourceUrl": "http://www.fordservicecontent.com/Ford_Content/vdirsnet/OwnerManual/Home/Content?bookCode=O28450&languageCode=en&marketCode=US&viewTech=IE&chapterTitleSelected=G1518963&subTitleSelected=G1518964&topicHRef=G1448586&div=f&vFilteringEnabled=True", "id": "117", "title": "Principle of Operation"}