{"body": "Heated Seats<br><br>Press the heated seat symbol to cycle through the various heat settings and off. More indicator lights indicate warmer settings.<br><br>The cooled seats will only function when the engine is running.<br><br>To operate the cooled seats:<br><br>Press the cooled seat symbol to cycle through the various cooling settings and off. More indicator lights indicate cooler settings.<br><br>If the engine falls below 350 RPM while the cooled seats are on, the feature will turn itself off. You will need to reactivate it.<br><br>Your vehicle is equipped with lifetime air filters that are integrated with the seats. Regular maintenance or replacement is not needed.<br><br>", "contentHtml": "<p><b>Heated Seats</b></p><p>Press the heated seat symbol to cycle through the various heat settings and off. More indicator lights indicate warmer settings.</p><p>The cooled seats will only function when the engine is running.</p><p>To operate the cooled seats:</p><p>Press the cooled seat symbol to cycle through the various cooling settings and off. More indicator lights indicate cooler settings.</p><p>If the engine falls below 350 RPM while the cooled seats are on, the feature will turn itself off. You will need to reactivate it.</p><p>Your vehicle is equipped with lifetime air filters that are integrated with the seats. Regular maintenance or replacement is not needed.</p>", "sourceUrl": "http://www.fordservicecontent.com/Ford_Content/vdirsnet/OwnerManual/Home/Content?bookCode=O28450&languageCode=en&marketCode=US&viewTech=IE&chapterTitleSelected=G1518923&subTitleSelected=G1693235&topicHRef=G1693236&div=f&vFilteringEnabled=True", "id": "90", "title": "Climate Controlled Seats"}