{"body": "Exterior lamps have vents to accommodate normal changes in air pressure.<br><br>Condensation can be a natural by-product of this design. When moist air enters the lamp assembly through the vents, there is a possibility that condensation can occur when the temperature is cold. When normal condensation occurs, a fine mist can form on the interior of the lens. The fine mist eventually clears and exits through the vents during normal operation.<br><br>Clearing time may take as long as 48 hours under dry weather conditions.<br><br>If you see any unacceptable condensation, have your vehicle checked by an authorized dealer.<br><br>", "contentHtml": "<p>Exterior lamps have vents to accommodate normal changes in air pressure.</p><p>Condensation can be a natural by-product of this design. When moist air enters the lamp assembly through the vents, there is a possibility that condensation can occur when the temperature is cold. When normal condensation occurs, a fine mist can form on the interior of the lens. The fine mist eventually clears and exits through the vents during normal operation.</p><p>Clearing time may take as long as 48 hours under dry weather conditions.</p><p>If you see any unacceptable condensation, have your vehicle checked by an authorized dealer.</p>", "sourceUrl": "http://www.fordservicecontent.com/Ford_Content/vdirsnet/OwnerManual/Home/Content?bookCode=O28450&languageCode=en&marketCode=US&viewTech=IE&chapterTitleSelected=G1518885&subTitleSelected=G1590744&topicHRef=G1584682&div=f&vFilteringEnabled=True", "id": "55", "title": "General Information"}