{"body": "The lamps will turn on when you have met one of the following conditions:<br><br>You can switch individual map lamps on independently by pressing a map lens.<br><br>You can switch dome lamps on by pressing the button.<br><br>", "contentHtml": "<p>The lamps will turn on when you have met one of the following conditions:</p><p>You can switch individual map lamps on independently by pressing a map lens.</p><p>You can switch dome lamps on by pressing the button.</p>", "sourceUrl": "http://www.fordservicecontent.com/Ford_Content/vdirsnet/OwnerManual/Home/Content?bookCode=O28450&languageCode=en&marketCode=US&viewTech=IE&chapterTitleSelected=G1518885&subTitleSelected=G1693573&topicHRef=G1693574&div=f&vFilteringEnabled=True", "id": "64", "title": "Interior Lamps"}