{"body": "Switch the daytime running lamps on or off using the information display controls. See\u00a0 General Information.\u00a0<br><br>The other lighting control switch positions do not activate the daytime running lamps, and you can use them to temporarily override autolamp control.<br><br>When switched off in the information display, the daytime running lamps are off in all lighting control switch positions.<br><br>", "contentHtml": "<p>Switch the daytime running lamps on or off using the information display controls. See&nbsp; \n<a class=\"copylink\" href=\"Content?bookCode=O28450&amp;languageCode=EN&amp;marketCode=US&amp;vCode=&amp;vFilteringEnabled=True&amp;subTitleSelected=G1747693&amp;chapterTitleSelected=G1525715&amp;topicHRef=G1747694&amp;viewTech=IE&amp;div=f\"><b>General Information</b></a>.&nbsp;</p><p>The other lighting control switch positions do not activate the daytime running lamps, and you can use them to temporarily override autolamp control.</p><p>When switched off in the information display, the daytime running lamps are off in all lighting control switch positions.</p>", "sourceUrl": "http://www.fordservicecontent.com/Ford_Content/vdirsnet/OwnerManual/Home/Content?bookCode=O28450&languageCode=en&marketCode=US&viewTech=IE&chapterTitleSelected=G1518885&subTitleSelected=G1662501&topicHRef=G1628345&div=f&vFilteringEnabled=True", "id": "60", "title": "Daytime Running Lamps"}