{"body": "The system automatically activates when you start your vehicle. The AdvanceTrac system cannot be completely turned off, but the electronic stability control system is disabled when the transmission selector lever is in position R. You can turn off the traction control portion of the system independently. See\u00a0 Using Traction Control.\u00a0<br><br>", "contentHtml": "<p>The system automatically activates when you start your vehicle. The AdvanceTrac system cannot be completely turned off, but the electronic stability control system is disabled when the transmission selector lever is in position \n<b>R</b>. You can turn off the traction control portion of the system independently. See&nbsp; \n<a class=\"copylink\" href=\"Content?bookCode=O28450&amp;languageCode=EN&amp;marketCode=US&amp;vCode=&amp;vFilteringEnabled=True&amp;subTitleSelected=G1518965&amp;chapterTitleSelected=G1518963&amp;topicHRef=G1448587&amp;viewTech=IE&amp;div=f\"><b>Using Traction Control</b></a>.&nbsp;</p>", "sourceUrl": "http://www.fordservicecontent.com/Ford_Content/vdirsnet/OwnerManual/Home/Content?bookCode=O28450&languageCode=en&marketCode=US&viewTech=IE&chapterTitleSelected=G1518966&subTitleSelected=G1518968&topicHRef=G1545985&div=f&vFilteringEnabled=True", "id": "120", "title": "Using Stability Control"}