{"body": "MyKey allows you to program keys with restricted driving modes to promote good driving habits. All but one of the keys can be activated with these restricted modes.<br><br>Any keys that remain unprogrammed are referred to as administrator keys or admin keys. They can be used to:<br><br>With an admin key, you can configure certain MyKey settings when you first create a MyKey and before you recycle the key or restart the vehicle. You can also change the settings afterward with an admin key.<br><br>", "contentHtml": "<p>MyKey allows you to program keys with restricted driving modes to promote good driving habits. All but one of the keys can be activated with these restricted modes.</p><p>Any keys that remain unprogrammed are referred to as administrator keys or admin keys. They can be used to:</p><p>With an admin key, you can configure certain MyKey settings when you first create a MyKey and before you recycle the key or restart the vehicle. You can also change the settings afterward with an admin key.</p>", "sourceUrl": "http://www.fordservicecontent.com/Ford_Content/vdirsnet/OwnerManual/Home/Content?bookCode=O28450&languageCode=en&marketCode=US&viewTech=IE&chapterTitleSelected=G1518858&subTitleSelected=G1698123&topicHRef=G1523360&div=f&vFilteringEnabled=True", "id": "35", "title": "Principle of Operation"}