{"body": "To order the publications in this portfolio, contact Helm, Incorporated at:<br><br>Or to order a free publication catalog, call toll free: 1-800-782-4356<br><br>Monday-Friday 8:00 a.m. - 6:00 p.m. EST<br><br>Helm, Incorporated can also be reached by their website:<br><br>www.helminc.com<br><br>(Items in this catalog may be purchased by credit card, check or money order.)<br><br>French Owner\u2019s Manual can be obtained from your authorized dealer or by contacting Helm, Incorporated using the contact information listed previously in this section.<br><br>", "contentHtml": "<p>To order the publications in this portfolio, contact Helm, Incorporated at:</p><p>Or to order a free publication catalog, call toll free: 1-800-782-4356</p><p>Monday-Friday 8:00 a.m. - 6:00 p.m. EST</p><p>Helm, Incorporated can also be reached by their website:</p><p>www.helminc.com</p><p>(Items in this catalog may be purchased by credit card, check or money order.)</p><p>French Owner\u2019s Manual can be obtained from your authorized dealer or by contacting Helm, Incorporated using the contact information listed previously in this section.</p>", "sourceUrl": "http://www.fordservicecontent.com/Ford_Content/vdirsnet/OwnerManual/Home/Content?bookCode=O28450&languageCode=en&marketCode=US&viewTech=IE&chapterTitleSelected=G1519006&subTitleSelected=G1519012&topicHRef=G1514345&div=f&vFilteringEnabled=True", "id": "155", "title": "Ordering Additional Owner's Literature"}