{"body": "\u00a0Thank you for choosing Ford. \u00a0We recommend that you take some time to get to know your vehicle by reading this manual. \u00a0The more that you know about your vehicle, the greater the safety and pleasure you will get from driving it.<br><br>\u00a0This manual may qualify the location of a component as left-hand side or right-hand side. \u00a0The side is determined when facing forward in the seat.<br><br>", "contentHtml": "<p>&nbsp;Thank you for choosing Ford. &nbsp;We recommend that you take some time to get to know your vehicle by reading this manual. &nbsp;The more that you know about your vehicle, the greater the safety and pleasure you will get from driving it.</p><p>&nbsp;This manual may qualify the location of a component as left-hand side or right-hand side. &nbsp;The side is determined when facing forward in the seat.</p>", "sourceUrl": "http://www.fordservicecontent.com/Ford_Content/vdirsnet/OwnerManual/Home/Content?bookCode=O28450&languageCode=en&marketCode=US&viewTech=IE&chapterTitleSelected=G1508561&subTitleSelected=G1508566&topicHRef=G1467680&div=f&vFilteringEnabled=True", "id": "1", "title": "About This Manual"}