{"body": "The transmission code is on the Safety Compliance Certification Label. The following table shows the transmission code along with the transmission description.<br><br>", "contentHtml": "<p>The transmission code is on the Safety Compliance Certification Label. The following table shows the transmission code along with the transmission description.</p>", "sourceUrl": "http://www.fordservicecontent.com/Ford_Content/vdirsnet/OwnerManual/Home/Content?bookCode=O28450&languageCode=en&marketCode=US&viewTech=IE&chapterTitleSelected=G1519062&subTitleSelected=G1531357&topicHRef=G1643941&div=f&vFilteringEnabled=True", "id": "202", "title": "Transmission Code Designation"}