{"body": "\u00a0Ford Credit offers a full range of financing and lease plans to help you acquire your vehicle. \u00a0If you have financed or leased your vehicle through Ford Credit, thank you for your business.<br><br>\u00a0We offer a number of convenient ways for you to contact us and help to manage your account.<br><br>\u00a0Call 1-800-727-7000.<br><br>\u00a0For more information about Ford Credit and access to the Account Manager, go to www.fordcredit.com.<br><br>", "contentHtml": "<p>&nbsp;Ford Credit offers a full range of financing and lease plans to help you acquire your vehicle. &nbsp;If you have financed or leased your vehicle through Ford Credit, thank you for your business.</p><p>&nbsp;We offer a number of convenient ways for you to contact us and help to manage your account.</p><p>&nbsp;Call 1-800-727-7000.</p><p>&nbsp;For more information about Ford Credit and access to the Account Manager, go to www.fordcredit.com.</p>", "sourceUrl": "http://www.fordservicecontent.com/Ford_Content/vdirsnet/OwnerManual/Home/Content?bookCode=O28450&languageCode=en&marketCode=US&viewTech=IE&chapterTitleSelected=G1508561&subTitleSelected=G1531418&topicHRef=G1517163&div=f&vFilteringEnabled=True", "id": "6", "title": "Ford Credit"}