{"body": "This feature will automatically recall the position of the driver seat and power mirrors. The memory control is located on the driver door.<br><br>You can save up to three preset memory positions. You can save a memory preset at any time.<br><br>Press and release the preset button associated with your desired driving position. The seat and mirrors will move to the position stored for that preset.<br><br>Your vehicle can save the preset memory positions for up to three remote controls or intelligent access (IA) keys.<br><br>To unlink a remote control, follow the same procedure \u2013 except in step 3, press the unlock button on the remote control.<br><br>If you enable the easy entry and exit feature, it automatically moves the driver seat position rearward up to two inches (five centimeters) when you switch the ignition off.<br><br>The driver seat will return to the previous position when you switch the ignition on.<br><br>You can enable or disable this feature in the information display. See\u00a0Information Displays.\u00a0<br><br>", "contentHtml": "<p>This feature will automatically recall the position of the driver seat and power mirrors. The memory control is located on the driver door.</p><p>You can save up to three preset memory positions. You can save a memory preset at any time.</p><p>Press and release the preset button associated with your desired driving position. The seat and mirrors will move to the position stored for that preset.</p><p>Your vehicle can save the preset memory positions for up to three remote controls or intelligent access (IA) keys.</p><p>To unlink a remote control, follow the same procedure \u2013 except in step 3, press the unlock button on the remote control.</p><p>If you enable the easy entry and exit feature, it automatically moves the driver seat position rearward up to two inches (five centimeters) when you switch the ignition off.</p><p>The driver seat will return to the previous position when you switch the ignition on.</p><p>You can enable or disable this feature in the information display. See&nbsp;\n<b>Information Displays</b>.&nbsp;</p>", "sourceUrl": "http://www.fordservicecontent.com/Ford_Content/vdirsnet/OwnerManual/Home/Content?bookCode=O28450&languageCode=en&marketCode=US&viewTech=IE&chapterTitleSelected=G1518923&subTitleSelected=G1739434&topicHRef=G1739435&div=f&vFilteringEnabled=True", "id": "87", "title": "Memory Function"}