{"body": "Argentina<br><br>Abu Dhabi, Dubai<br><br>Brazil<br><br>European Union EU<br><br>Jordan<br><br>Malaysia<br><br>Moldova<br><br>Morocco<br><br>Philippines<br><br>Serbia<br><br>Singapore<br><br>South Africa<br><br>Taiwan<br><br>Ukraine<br><br>", "contentHtml": "<p>Argentina</p><p>Abu Dhabi, Dubai</p><p>Brazil</p><p>European Union EU</p><p>Jordan</p><p>Malaysia</p><p>Moldova</p><p>Morocco</p><p>Philippines</p><p>Serbia</p><p>Singapore</p><p>South Africa</p><p>Taiwan</p><p>Ukraine</p>", "sourceUrl": "http://www.fordservicecontent.com/Ford_Content/vdirsnet/OwnerManual/Home/Content?bookCode=O28450&languageCode=en&marketCode=US&viewTech=IE&chapterTitleSelected=G1519099&subTitleSelected=G1740208&topicHRef=G1738796&div=f&vFilteringEnabled=True", "id": "235", "title": "Type Approvals"}