{"body": "To adjust a mirror:<br><br>Push the mirror toward the door window glass. Make sure that you fully engage the mirror in its support when returning it to its original position.<br><br>See\u00a0 Heated Windows and Mirrors.\u00a0<br><br>You can save and recall the mirror positions through the memory function. See\u00a0 Memory Function.\u00a0<br><br>The driver exterior mirror automatically dims when the interior auto-dimming mirror turns on.<br><br>The outer portion of the appropriate mirror housing will blink when you switch on the turn signal.<br><br>The lamps on the bottom part of the mirror housing light when you use your transmitter to unlock the doors or when you open a door.<br><br>Blind spot mirrors have an integrated convex mirror built into the upper outboard corner of the exterior mirrors. They can increase your visibility along the side of your vehicle.<br><br>Check the main mirror first before a lane change, then check the blind spot mirror. If the blind spot mirror does not show any vehicles in its viewing area and the traffic in the adjacent lane is at a safe distance, signal that you intend to change lanes. Glance over your shoulder to verify traffic is clear and carefully change lanes.<br><br>The image of the approaching vehicle is small and near the inboard edge of the main mirror when it is at a distance. The image becomes larger and begins to move outboard across the main mirror as the vehicle approaches (A). The image will transition from the main mirror and begin to appear in the blind spot mirror as the vehicle approaches (B). The vehicle will transition to your peripheral field of view as it leaves the blind spot mirror (C).<br><br>See\u00a0 Blind Spot Information System.\u00a0<br><br>", "contentHtml": "<p>To adjust a mirror:</p><p>Push the mirror toward the door window glass. Make sure that you fully engage the mirror in its support when returning it to its original position.</p><p>See&nbsp; \n<a class=\"copylink\" href=\"Content?bookCode=O28450&amp;languageCode=EN&amp;marketCode=US&amp;vCode=&amp;vFilteringEnabled=True&amp;subTitleSelected=G1518921&amp;chapterTitleSelected=G1518916&amp;topicHRef=G1599923&amp;viewTech=IE&amp;div=f\"><b>Heated Windows and Mirrors</b></a>.&nbsp;</p><p>You can save and recall the mirror positions through the memory function. See&nbsp; \n<a class=\"copylink\" href=\"Content?bookCode=O28450&amp;languageCode=EN&amp;marketCode=US&amp;vCode=&amp;vFilteringEnabled=True&amp;subTitleSelected=G1739434&amp;chapterTitleSelected=G1518923&amp;topicHRef=G1739435&amp;viewTech=IE&amp;div=f\"><b>Memory Function</b></a>.&nbsp;</p><p>The driver exterior mirror automatically dims when the interior auto-dimming mirror turns on.</p><p>The outer portion of the appropriate mirror housing will blink when you switch on the turn signal.</p><p>The lamps on the bottom part of the mirror housing light when you use your transmitter to unlock the doors or when you open a door.</p><p>Blind spot mirrors have an integrated convex mirror built into the upper outboard corner of the exterior mirrors. They can increase your visibility along the side of your vehicle.</p><p>Check the main mirror first before a lane change, then check the blind spot mirror. If the blind spot mirror does not show any vehicles in its viewing area and the traffic in the adjacent lane is at a safe distance, signal that you intend to change lanes. Glance over your shoulder to verify traffic is clear and carefully change lanes.</p><p>The image of the approaching vehicle is small and near the inboard edge of the main mirror when it is at a distance. The image becomes larger and begins to move outboard across the main mirror as the vehicle approaches (A). The image will transition from the main mirror and begin to appear in the blind spot mirror as the vehicle approaches (B). The vehicle will transition to your peripheral field of view as it leaves the blind spot mirror (C).</p><p>See&nbsp; \n<a class=\"copylink\" href=\"Content?bookCode=O28450&amp;languageCode=EN&amp;marketCode=US&amp;vCode=&amp;vFilteringEnabled=True&amp;subTitleSelected=G1727239&amp;chapterTitleSelected=G1518978&amp;topicHRef=G1745160&amp;viewTech=IE&amp;div=f\"><b>Blind Spot Information System</b></a>.&nbsp;</p>", "sourceUrl": "http://www.fordservicecontent.com/Ford_Content/vdirsnet/OwnerManual/Home/Content?bookCode=O28450&languageCode=en&marketCode=US&viewTech=IE&chapterTitleSelected=G1518895&subTitleSelected=G1733521&topicHRef=G1733522&div=f&vFilteringEnabled=True", "id": "68", "title": "Exterior Mirrors"}