{"body": "The system automatically monitors your driving behavior using various inputs including the front camera sensor.<br><br>If the system detects that your driving alertness is reduced below a certain threshold, the system will alert you using a chime and a message in the cluster display.<br><br>Switch the system on or off using the information display. See\u00a0 General Information.\u00a0<br><br>When activated, the system will monitor your alertness level based upon your driving behavior in relation to the lane markings, and other factors.<br><br>The warning system has two stages. At first, the system issues a temporary warning that you need to take a rest. This message will only appear for a short time. If the system detects further reduction in driving alertness, it may issue another warning that will remain in the information display for a longer time. You can press OK on the steering wheel control to clear the warning.<br><br>When active the system will run automatically in the background and only issue a warning if required. You can view the status at any time using the information display.See\u00a0General Information.\u00a0<br><br>The alertness level is shown by six steps in a colored bar.<br><br>The current assessment of your alertness is within a typical range.<br><br>The current assessment of your alertness indicates that you should rest as soon as safely possible.<br><br>The status bar will travel from left to right as the calculated alertness level decreases. As the rest icon is approached the color turns from green to yellow to red.<br><br>The yellow position indicates the first warning is active and the red position indicates the second warning is active.<br><br>You can reset the system by either:<br><br>", "contentHtml": "<p>The system automatically monitors your driving behavior using various inputs including the front camera sensor.</p><p>If the system detects that your driving alertness is reduced below a certain threshold, the system will alert you using a chime and a message in the cluster display.</p><p>Switch the system on or off using the information display. See&nbsp; \n<a class=\"copylink\" href=\"Content?bookCode=O28450&amp;languageCode=EN&amp;marketCode=US&amp;vCode=&amp;vFilteringEnabled=True&amp;subTitleSelected=G1747693&amp;chapterTitleSelected=G1525715&amp;topicHRef=G1747694&amp;viewTech=IE&amp;div=f\"><b>General Information</b></a>.&nbsp;</p><p>When activated, the system will monitor your alertness level based upon your driving behavior in relation to the lane markings, and other factors.</p><p>The warning system has two stages. At first, the system issues a temporary warning that you need to take a rest. This message will only appear for a short time. If the system detects further reduction in driving alertness, it may issue another warning that will remain in the information display for a longer time. You can press OK on the steering wheel control to clear the warning.</p><p>When active the system will run automatically in the background and only issue a warning if required. You can view the status at any time using the information display.See&nbsp;\n<b>General Information</b>.&nbsp;</p><p>The alertness level is shown by six steps in a colored bar.</p><p>The current assessment of your alertness is within a typical range.</p><p>The current assessment of your alertness indicates that you should rest as soon as safely possible.</p><p>The status bar will travel from left to right as the calculated alertness level decreases. As the rest icon is approached the color turns from green to yellow to red.</p><p>The yellow position indicates the first warning is active and the red position indicates the second warning is active.</p><p>You can reset the system by either:</p>", "sourceUrl": "http://www.fordservicecontent.com/Ford_Content/vdirsnet/OwnerManual/Home/Content?bookCode=O28450&languageCode=en&marketCode=US&viewTech=IE&chapterTitleSelected=G1518978&subTitleSelected=G1560088&topicHRef=G1560089&div=f&vFilteringEnabled=True", "id": "129", "title": "Driver Alert"}