{"body": "Press the button to select or deselect voice control. See your SYNC information.<br><br>", "contentHtml": "<p>Press the button to select or deselect voice control. See your SYNC information.</p>", "sourceUrl": "http://www.fordservicecontent.com/Ford_Content/vdirsnet/OwnerManual/Home/Content?bookCode=O28450&languageCode=en&marketCode=US&viewTech=IE&chapterTitleSelected=G1518873&subTitleSelected=G1518876&topicHRef=G1525722&div=f&vFilteringEnabled=True", "id": "48", "title": "Voice Control"}