{"body": "Have your vehicle serviced regularly to help maintain its roadworthiness and resale value. There is a large network of authorized dealers that are there to help you with their professional servicing expertise. We believe that their specially trained technicians are best qualified to service your vehicle properly and expertly. They are supported by a wide range of highly specialized tools developed specifically for servicing your vehicle.<br><br>If your vehicle requires professional service, an authorized dealer can provide the necessary parts and service. Check your warranty information to find out which parts and services are covered.<br><br>Use only recommended fuels, lubricants, fluids and service parts conforming to specifications. Motorcraft\u00ae parts are designed and built to provide the best performance in your vehicle.<br><br>", "contentHtml": "<p>Have your vehicle serviced regularly to help maintain its roadworthiness and resale value. There is a large network of authorized dealers that are there to help you with their professional servicing expertise. We believe that their specially trained technicians are best qualified to service your vehicle properly and expertly. They are supported by a wide range of highly specialized tools developed specifically for servicing your vehicle.</p><p>If your vehicle requires professional service, an authorized dealer can provide the necessary parts and service. Check your warranty information to find out which parts and services are covered.</p><p>Use only recommended fuels, lubricants, fluids and service parts conforming to specifications. Motorcraft\u00ae parts are designed and built to provide the best performance in your vehicle.</p>", "sourceUrl": "http://www.fordservicecontent.com/Ford_Content/vdirsnet/OwnerManual/Home/Content?bookCode=O28450&languageCode=en&marketCode=US&viewTech=IE&chapterTitleSelected=G1519018&subTitleSelected=G1519019&topicHRef=G1448660&div=f&vFilteringEnabled=True", "id": "160", "title": "General Information"}