{"body": "The sensing system warns the driver of obstacles within a certain range of your vehicle. The system turns on automatically whenever you switch the ignition on.<br><br>If a fault is present in the system, a warning message appears in the information display. See\u00a0 Information Messages.\u00a0<br><br>", "contentHtml": "<p>The sensing system warns the driver of obstacles within a certain range of your vehicle. The system turns on automatically whenever you switch the ignition on.</p><p>If a fault is present in the system, a warning message appears in the information display. See&nbsp; \n<a class=\"copylink\" href=\"Content?bookCode=O28450&amp;languageCode=EN&amp;marketCode=US&amp;vCode=&amp;vFilteringEnabled=True&amp;subTitleSelected=G1815640&amp;chapterTitleSelected=G1525715&amp;topicHRef=G1642521&amp;viewTech=IE&amp;div=f\"><b>Information Messages</b></a>.&nbsp;</p>", "sourceUrl": "http://www.fordservicecontent.com/Ford_Content/vdirsnet/OwnerManual/Home/Content?bookCode=O28450&languageCode=en&marketCode=US&viewTech=IE&chapterTitleSelected=G1518969&subTitleSelected=G1735661&topicHRef=G1728872&div=f&vFilteringEnabled=True", "id": "121", "title": "Principle of Operation"}