{"body": "The system will warn you of an unauthorized entry to your vehicle. It will be triggered if any door, the luggage compartment or the hood is opened without using the key, remote control or keyless entry keypad.<br><br>The direction indicators will flash and the horn will sound if unauthorized entry is attempted while the alarm is armed.<br><br>Take all remote controls to an authorized dealer if there is any potential alarm problem with your vehicle.<br><br>The alarm is ready to arm when there is not a key in your vehicle. Electronically lock your vehicle to arm the alarm.<br><br>Disarm the alarm by any of the following actions:<br><br>", "contentHtml": "<p>The system will warn you of an unauthorized entry to your vehicle. It will be triggered if any door, the luggage compartment or the hood is opened without using the key, remote control or keyless entry keypad.</p><p>The direction indicators will flash and the horn will sound if unauthorized entry is attempted while the alarm is armed.</p><p>Take all remote controls to an authorized dealer if there is any potential alarm problem with your vehicle.</p><p>The alarm is ready to arm when there is not a key in your vehicle. Electronically lock your vehicle to arm the alarm.</p><p>Disarm the alarm by any of the following actions:</p>", "sourceUrl": "http://www.fordservicecontent.com/Ford_Content/vdirsnet/OwnerManual/Home/Content?bookCode=O28450&languageCode=en&marketCode=US&viewTech=IE&chapterTitleSelected=G1518870&subTitleSelected=G1518872&topicHRef=G1448427&div=f&vFilteringEnabled=True", "id": "45", "title": "Anti-Theft Alarm"}