{"body": "The fuel filler funnel is located under the luggage compartment floor covering.<br><br>", "contentHtml": "<p>The fuel filler funnel is located under the luggage compartment floor covering.</p>", "sourceUrl": "http://www.fordservicecontent.com/Ford_Content/vdirsnet/OwnerManual/Home/Content?bookCode=O28450&languageCode=en&marketCode=US&viewTech=IE&chapterTitleSelected=G1518948&subTitleSelected=G1736988&topicHRef=G1736989&div=f&vFilteringEnabled=True", "id": "104", "title": "Fuel Filler Funnel Location"}