{"body": "The AdvanceTrac Control system helps you keep control of your vehicle when on a slippery surface. The electronic stability control portion of the system helps avoid skids and lateral slides. The traction control system helps avoid drive wheel spin and loss of traction. See\u00a0 Using Traction Control.\u00a0<br><br>", "contentHtml": "<p>The AdvanceTrac Control system helps you keep control of your vehicle when on a slippery surface. The electronic stability control portion of the system helps avoid skids and lateral slides. The traction control system helps avoid drive wheel spin and loss of traction. See&nbsp; \n<a class=\"copylink\" href=\"Content?bookCode=O28450&amp;languageCode=EN&amp;marketCode=US&amp;vCode=&amp;vFilteringEnabled=True&amp;subTitleSelected=G1518965&amp;chapterTitleSelected=G1518963&amp;topicHRef=G1448587&amp;viewTech=IE&amp;div=f\"><b>Using Traction Control</b></a>.&nbsp;</p>", "sourceUrl": "http://www.fordservicecontent.com/Ford_Content/vdirsnet/OwnerManual/Home/Content?bookCode=O28450&languageCode=en&marketCode=US&viewTech=IE&chapterTitleSelected=G1518966&subTitleSelected=G1518967&topicHRef=G1545984&div=f&vFilteringEnabled=True", "id": "119", "title": "Principle of Operation"}